arrival_time,service_start_time,service_end_time,service_time,waiting_time ,inter-arrival_time
4:00:01 PM,4:00:01 PM,4:00:20 PM,0:00:19,0:00:00,0:00:00
4:00:02 PM,4:00:20 PM,4:01:11 PM,0:00:51,0:00:18,0:00:01
4:00:03 PM,4:01:11 PM,4:01:41 PM,0:00:30,0:01:08,0:00:01
4:01:02 PM,4:03:33 PM,4:04:15 PM,0:00:42,0:02:31,0:00:59
4:01:03 PM,4:04:25 PM,4:04:57 PM,0:00:32,0:03:22,0:00:01
4:03:02 PM,4:04:57 PM,4:05:33 PM,0:00:36,0:01:55,0:01:59
4:03:15 PM,4:05:33 PM,4:05:54 PM,0:00:21,0:02:18,0:00:13
4:03:20 PM,4:05:54 PM,4:06:20 PM,0:00:26,0:02:34,0:00:05
4:05:57 PM,4:06:20 PM,4:07:02 PM,0:00:42,0:00:23,0:02:37
4:08:44 PM,4:08:44 PM,4:09:06 PM,0:00:22,0:00:00,0:02:47
4:08:47 PM,4:09:06 PM,4:09:40 PM,0:00:34,0:00:19,0:00:03
4:10:40 PM,4:10:40 PM,4:10:55 PM,0:00:15,0:00:00,0:01:53
4:11:06 PM,4:11:06 PM,4:11:30 PM,0:00:24,0:00:00,0:00:26
4:11:07 PM,4:11:30 PM,4:12:16 PM,0:00:46,0:00:23,0:00:01
4:11:08 PM,4:12:16 PM,4:12:55 PM,0:00:39,0:01:08,0:00:01
4:11:45 PM,4:12:55 PM,4:13:36 PM,0:00:41,0:01:10,0:00:37
4:12:22 PM,4:13:36 PM,4:14:58 PM,0:01:22,0:01:14,0:00:37
4:12:23 PM,4:12:58 PM,4:13:57 PM,0:00:59,0:00:35,0:00:01
4:12:25 PM,4:13:57 PM,4:14:15 PM,0:00:18,0:01:32,0:00:02
4:15:08 PM,4:15:08 PM,4:15:43 PM,0:00:35,0:00:00,0:02:43
4:15:09 PM,4:15:43 PM,4:15:58 PM,0:00:15,0:00:34,0:00:01
4:15:10 PM,4:15:58 PM,4:16:59 PM,0:01:01,0:00:48,0:00:01
4:18:22 PM,4:18:22 PM,4:18:57 PM,0:00:35,0:00:00,0:03:12
4:19:02 PM,4:19:02 PM,4:19:45 PM,0:00:43,0:00:00,0:00:40
4:19:32 PM,4:19:45 PM,4:20:55 PM,0:01:10,0:00:13,0:00:30
4:19:33 PM,4:20:55 PM,4:22:02 PM,0:01:07,0:01:22,0:00:01
4:19:34 PM,4:20:55 PM,4:21:22 PM,0:00:27,0:01:21,0:00:01
4:19:35 PM,4:21:22 PM,4:22:33 PM,0:01:11,0:01:47,0:00:01
4:19:36 PM,4:22:33 PM,4:23:55 PM,0:01:22,0:02:57,0:00:01
4:19:40 PM,4:23:55 PM,4:24:34 PM,0:00:39,0:04:15,0:00:04
4:19:41 PM,4:24:34 PM,4:25:02 PM,0:00:28,0:04:53,0:00:01
4:19:45 PM,4:24:02 PM,4:25:55 PM,0:01:53,0:04:17,0:00:04
4:19:46 PM,4:25:55 PM,4:26:32 PM,0:00:37,0:06:09,0:00:01
4:19:47 PM,4:26:32 PM,4:27:15 PM,0:00:43,0:06:45,0:00:01
4:20:48 PM,4:27:15 PM,4:27:54 PM,0:00:39,0:06:27,0:01:01
4:20:49 PM,4:27:54 PM,4:28:15 PM,0:00:21,0:07:05,0:00:01
4:20:59 PM,4:28:15 PM,4:28:48 PM,0:00:33,0:07:16,0:00:10
4:21:02 PM,4:28:48 PM,4:29:10 PM,0:00:22,0:07:46,0:00:03
4:21:03 PM,4:29:10 PM,4:29:41 PM,0:00:31,0:08:07,0:00:01
4:22:04 PM,4:29:41 PM,4:30:10 PM,0:00:29,0:07:37,0:01:01
4:22:33 PM,4:30:10 PM,4:31:01 PM,0:00:51,0:07:37,0:00:29
4:24:34 PM,4:31:01 PM,4:32:15 PM,0:01:14,0:06:27,0:02:01
4:24:35 PM,4:32:15 PM,4:33:12 PM,0:00:57,0:07:40,0:00:01
4:25:36 PM,4:33:12 PM,4:33:48 PM,0:00:36,0:07:36,0:01:01
4:26:20 PM,4:33:48 PM,4:34:40 PM,0:00:52,0:07:28,0:00:44
4:28:20 PM,4:34:40 PM,4:35:03 PM,0:00:23,0:06:20,0:02:00
4:29:25 PM,4:35:22 PM,4:35:53 PM,0:00:31,0:05:57,0:01:05
4:32:25 PM,4:35:53 PM,4:36:22 PM,0:00:29,0:03:28,0:03:00
4:33:25 PM,4:36:22 PM,4:37:12 PM,0:00:50,0:02:57,0:01:00
4:33:59 PM,4:37:12 PM,4:37:48 PM,0:00:36,0:03:13,0:00:34
4:35:00 PM,4:37:48 PM,4:38:12 PM,0:00:24,0:02:48,0:01:01
4:35:02 PM,4:38:12 PM,4:38:39 PM,0:00:27,0:03:10,0:00:02
4:36:52 PM,4:38:39 PM,4:38:55 PM,0:00:16,0:01:47,0:01:50
4:36:59 PM,4:38:55 PM,4:39:20 PM,0:00:25,0:01:56,0:00:07
4:37:29 PM,4:39:20 PM,4:40:02 PM,0:00:42,0:01:51,0:00:30
4:38:29 PM,4:40:22 PM,4:40:58 PM,0:00:36,0:01:53,0:01:00
4:38:31 PM,4:40:58 PM,4:41:30 PM,0:00:32,0:02:27,0:00:02
4:38:33 PM,4:41:30 PM,4:42:15 PM,0:00:45,0:02:57,0:00:02
4:39:15 PM,4:42:15 PM,4:42:47 PM,0:00:32,0:03:00,0:00:42
4:39:16 PM,4:42:47 PM,4:43:15 PM,0:00:28,0:03:31,0:00:01
4:39:29 PM,4:43:15 PM,4:43:47 PM,0:00:32,0:03:46,0:00:13
4:40:01 PM,4:43:47 PM,4:44:55 PM,0:01:08,0:03:46,0:00:32
4:40:02 PM,4:44:55 PM,4:45:39 PM,0:00:44,0:04:53,0:00:01
4:40:04 PM,4:45:39 PM,4:46:35 PM,0:00:56,0:05:35,0:00:02
4:40:05 PM,4:46:35 PM,4:47:01 PM,0:00:26,0:06:30,0:00:01
4:40:06 PM,4:47:01 PM,4:47:30 PM,0:00:29,0:06:55,0:00:01
4:40:08 PM,4:47:30 PM,4:48:17 PM,0:00:47,0:07:22,0:00:02
4:40:09 PM,4:48:17 PM,4:48:49 PM,0:00:32,0:08:08,0:00:01
4:41:06 PM,4:48:49 PM,4:49:55 PM,0:01:06,0:07:43,0:00:57
4:41:07 PM,4:49:55 PM,4:50:22 PM,0:00:27,0:08:48,0:00:01
4:41:10 PM,4:50:22 PM,4:51:23 PM,0:01:01,0:09:12,0:00:03
4:41:20 PM,4:51:23 PM,4:51:55 PM,0:00:32,0:10:03,0:00:10
4:41:21 PM,4:51:55 PM,4:52:15 PM,0:00:20,0:10:34,0:00:01
4:41:22 PM,4:52:15 PM,4:52:46 PM,0:00:31,0:10:53,0:00:01
4:41:23 PM,4:52:46 PM,4:53:20 PM,0:00:34,0:11:23,0:00:01
4:42:27 PM,4:53:20 PM,4:54:50 PM,0:01:30,0:10:53,0:01:04
4:42:28 PM,4:54:50 PM,4:55:20 PM,0:00:30,0:12:22,0:00:01
4:42:29 PM,4:55:20 PM,4:56:20 PM,0:01:00,0:12:51,0:00:01
4:43:17 PM,4:56:20 PM,4:57:10 PM,0:00:50,0:13:03,0:00:48
4:43:18 PM,4:57:10 PM,4:58:23 PM,0:01:13,0:13:52,0:00:01
4:46:17 PM,4:58:23 PM,4:58:55 PM,0:00:32,0:12:06,0:02:59
4:49:25 PM,4:58:55 PM,4:59:24 PM,0:00:29,0:09:30,0:03:08
4:52:07 PM,4:59:24 PM,5:00:24 PM,0:01:00,0:07:17,0:02:42
4:53:11 PM,5:00:24 PM,5:00:58 PM,0:00:34,0:07:13,0:01:04
4:53:11 PM,5:00:58 PM,5:02:00 PM,0:01:02,0:07:47,0:00:00
4:57:11 PM,5:02:00 PM,5:02:45 PM,0:00:45,0:04:49,0:04:00
4:57:12 PM,5:02:45 PM,5:03:36 PM,0:00:51,0:05:33,0:00:01
4:57:13 PM,5:03:38 PM,5:04:11 PM,0:00:33,0:06:25,0:00:01
4:57:14 PM,5:04:11 PM,5:04:59 PM,0:00:48,0:06:57,0:00:01
4:57:15 PM,5:04:59 PM,5:05:46 PM,0:00:47,0:07:44,0:00:01
4:57:16 PM,5:05:46 PM,5:06:57 PM,0:01:11,0:08:30,0:00:01
4:58:42 PM,5:06:57 PM,5:07:15 PM,0:00:18,0:08:15,0:01:26
5:01:28 PM,5:07:15 PM,5:08:22 PM,0:01:07,0:05:47,0:02:46
5:02:48 PM,5:08:22 PM,5:09:42 PM,0:01:20,0:05:34,0:01:20
5:02:55 PM,5:09:42 PM,5:10:55 PM,0:01:13,0:06:47,0:00:07
5:03:15 PM,5:10:55 PM,5:11:15 PM,0:00:20,0:07:40,0:00:20
5:03:15 PM,5:11:15 PM,5:11:52 PM,0:00:37,0:08:00,0:00:00
5:03:16 PM,5:11:52 PM,5:13:58 PM,0:02:06,0:08:36,0:00:01
5:03:18 PM,5:13:58 PM,5:15:28 PM,0:01:30,0:10:40,0:00:02
5:03:20 PM,5:15:28 PM,5:16:38 PM,0:01:10,0:12:08,0:00:02
5:03:25 PM,5:16:38 PM,5:17:55 PM,0:01:17,0:13:13,0:00:05
5:03:26 PM,5:17:55 PM,5:18:33 PM,0:00:38,0:14:29,0:00:01
5:03:27 PM,5:18:33 PM,5:19:55 PM,0:01:22,0:15:06,0:00:01
5:03:30 PM,5:19:55 PM,5:20:52 PM,0:00:57,0:16:25,0:00:03
5:03:35 PM,5:20:52 PM,5:21:58 PM,0:01:06,0:17:17,0:00:05
5:03:45 PM,5:21:58 PM,5:22:15 PM,0:00:17,0:18:13,0:00:10
5:03:49 PM,5:22:15 PM,5:22:48 PM,0:00:33,0:18:26,0:00:04
5:03:59 PM,5:22:48 PM,5:23:15 PM,0:00:27,0:18:49,0:00:10
5:04:02 PM,5:23:15 PM,5:23:57 PM,0:00:42,0:19:13,0:00:03
5:04:03 PM,5:23:57 PM,5:24:15 PM,0:00:18,0:19:54,0:00:01
5:04:04 PM,5:24:15 PM,5:24:39 PM,0:00:24,0:20:11,0:00:01
5:04:05 PM,5:24:39 PM,5:25:31 PM,0:00:52,0:20:34,0:00:01
5:04:06 PM,5:25:31 PM,5:26:15 PM,0:00:44,0:21:25,0:00:01
5:04:07 PM,5:26:15 PM,5:26:35 PM,0:00:20,0:22:08,0:00:01
5:04:08 PM,5:26:35 PM,5:26:55 PM,0:00:20,0:22:27,0:00:01
5:10:15 PM,5:26:55 PM,5:27:55 PM,0:01:00,0:16:40,0:06:07
5:10:16 PM,5:27:55 PM,5:28:52 PM,0:00:57,0:17:39,0:00:01
5:11:20 PM,5:28:52 PM,5:28:52 PM,0:00:00,0:17:32,0:01:04
5:11:38 PM,5:28:52 PM,5:29:52 PM,0:01:00,0:17:14,0:00:18
